File Name,Search Content,Key Words,Quantity,
/home/ziwen/MyProjects/PdfPaser/Step3Keyword/TXTs/600611/600611_2014.txt,Find Content,公司股东的净利,1,
/home/ziwen/MyProjects/PdfPaser/Step3Keyword/TXTs/600611/600611_2014.txt,Find Content,委托,3,
/home/ziwen/MyProjects/PdfPaser/Step3Keyword/TXTs/600611/600611_2014.txt,Find Content,华润,0,
/home/ziwen/MyProjects/PdfPaser/Step3Keyword/TXTs/600611/600611_2015.txt,Find Content,公司股东的净利,1,
/home/ziwen/MyProjects/PdfPaser/Step3Keyword/TXTs/600611/600611_2015.txt,Find Content,委托,7,
/home/ziwen/MyProjects/PdfPaser/Step3Keyword/TXTs/600611/600611_2015.txt,Find Content,华润,0,
/home/ziwen/MyProjects/PdfPaser/Step3Keyword/TXTs/000002/000002_2014.txt,Find Content,公司股东的净利,0,
/home/ziwen/MyProjects/PdfPaser/Step3Keyword/TXTs/000002/000002_2014.txt,Find Content,委托,0,
/home/ziwen/MyProjects/PdfPaser/Step3Keyword/TXTs/000002/000002_2014.txt,Find Content,华润,11,
/home/ziwen/MyProjects/PdfPaser/Step3Keyword/TXTs/000002/000002_2015.txt,Find Content,公司股东的净利,0,
/home/ziwen/MyProjects/PdfPaser/Step3Keyword/TXTs/000002/000002_2015.txt,Find Content,委托,0,
/home/ziwen/MyProjects/PdfPaser/Step3Keyword/TXTs/000002/000002_2015.txt,Find Content,华润,10,
